Cluster,Size,F1_mean,F1_std,F2_mean,F2_std,F3_mean,F3_std,F4_mean,F4_std,F5_mean,F5_std,F6_mean,F6_std,F7_mean,F7_std,F8_mean,F8_std,F9_mean,F9_std,F10_mean,F10_std,F11_mean,F11_std,F12_mean,F12_std,F13_mean,F13_std,F14_mean,F14_std,F15_mean,F15_std,F16_mean,F16_std
0,10985,0.34783796085575713,0.10750243260062063,0.6177211348809528,0.13444208142679617,0.42412380518890413,0.10496329609813394,0.45662266727355794,0.09194682411921933,0.3224275527234334,0.13185500387047305,0.47182521620390755,0.13177703237449728,0.4937581550599176,0.13953699356652896,0.3096889698073254,0.1676276026123148,0.35065392201488804,0.15553121315586466,0.5595326961007403,0.15776784677670616,0.4192504930966496,0.16301918213939004,0.5270034896070614,0.13754826222224403,0.25920801092398765,0.16149994804827744,0.5566196328326902,0.11207347625659395,0.30466393566986344,0.17018140321768463,0.5167045971779873,0.12391979457859238
1,9015,0.17124052505085735,0.06984586655572539,0.28785357737105877,0.16086671719943257,0.2407247180624961,0.09009060485755765,0.23818820484378783,0.11795162573000777,0.12563505268997074,0.06965317012235031,0.445235718247381,0.137563505646541,0.5076723978554207,0.17170294028398495,0.3072139027546786,0.19399017911767172,0.3386503974856875,0.1622721143310725,0.5431244222591871,0.1748655192536261,0.4436901460528915,0.18852805039975906,0.5305453873174439,0.14007583920785982,0.13467184322426579,0.11551352239559576,0.5550748752080038,0.09100060847597356,0.1747753743760474,0.14288642858815656,0.5241930116472661,0.08397747260319088
